ID,RESULTFLOAT,RESULTSEIENTIFIC
1,1.000000,1.0000 x 10^0
2,0.753600,7.5360 x 10^-1
3,-0.168500,-1.6850 x 10^-1
4,-0.752800,-7.5280 x 10^-1
5,4582.000000,4.5820 x 10^3
6,2.000000,2.0000 x 10^0
7,-1.000000,-1.0000 x 10^0
8,0.000000,0.0000 x 10^0
9,1.000000,1.0000 x 10^0
