ID,TIME," PROBLEM",RESULT
1,03:11:25.451,60DIV95,0.000000
2,03:11:26.750,52/69,0.753623
3,03:11:27.356,15/-89,-0.168539
4,03:11:27.966,67/-89,-0.752809
5,03:11:28.580,58*79,4582.000000
6,03:11:29.195,82DIV39,2.000000
7,03:11:29.808,-54DIV39,-2.000000
8,03:11:30.325,30MOD-5,0.000000
9,03:11:30.631,76MOD-5,1.000000
