ID,TIME," PROBLEM",RESULT,RESULTSCI
1,09:27:50.508,-86MOD-57,-29.000000,"-2.9000e+01
"
2,09:27:50.513,-57MOD-57,-0.000000,"-0.0000e+00
"
3,09:27:50.517,-1MOD-57,-1.000000,"-1.0000e+00
"
4,09:27:50.521,51MOD-57,51.000000,"5.1000e+01
"
5,09:27:50.524,27MOD-57,27.000000,"2.7000e+01
"
6,09:27:50.528,-33MOD-57,-33.000000,"-3.3000e+01
"
7,09:27:50.532,-27MOD-57,-27.000000,"-2.7000e+01
"
8,09:27:50.536,96MOD-57,39.000000,"3.9000e+01
"
9,09:27:50.540,-89MOD-57,-32.000000,"-3.2000e+01
"
